[{"FullName":"David Gordon Green","Male":false,"Dob":"1975-04-09T00:00:00","Nationality":"USA","Description":"David Gordon Green was born on April 9, 1975 in Little Rock, Arkansas, USA. He is a producer and director, known for S\u00E1t Nh\u00E2n Halloween (2018), Halloween Kills (2021) and George Washington (2000)."},{"FullName":"Aaron Horvath","Male":true,"Dob":"1980-08-19T00:00:00","Nationality":"USA","Description":"No photo available. Represent Aaron Horvath? Add or change photos at IMDbPro\r\nSEE RANK\r\nAaron Horvath\r\nProducer | Writer | Animation Department\r\n\u002B Add or change photo on IMDbPro \u00BB\r\nAaron Horvath was born on August 19, 1980 in California, USA. He is a producer and writer, known for Bi\u1EC7t \u0110\u1ED9i Si\u00EAu Anh H\u00F9ng Teen Titans (2018), Bi\u1EC7t \u0110\u1ED9i Thi\u1EBFu Ni\u00EAn Titan Xu\u1EA5t K\u00EDch! (2013) and Naruto."},{"FullName":"David Bruckner","Male":true,"Dob":"1981-08-19T00:00:00","Nationality":"England","Description":"David Bruckner is known for The Night House (2020), Nghi L\u1EC5 T\u1EBF Th\u1EA7n (2017) and Southbound (2015)."},{"FullName":"Mike Barker","Male":true,"Dob":"1965-11-29T00:00:00","Nationality":"England","Description":"Mike Barker was born on November 29, 1965 in England, UK. He is a director and producer, known for Fargo (2014) and Broadchurch (2013)."},{"FullName":"Joseph Kosinski","Male":true,"Dob":"1974-05-03T00:00:00","Nationality":"USA","Description":"Joseph Kosinski is a director whose uncompromising style has quickly made a mark in the filmmaking zeitgeist. His feature film debut, \u0022Tron: Legacy\u0022 for Walt Disney Studios, grossed over $400 million worldwide and was nominated for several awards, including an Academy Award for Sound Editing and a Grammy for the score by Daft Punk."},{"FullName":"aaa","Male":true,"Dob":"1974-05-03T00:00:00","Nationality":"UK","Description":"a"},{"FullName":"aaa","Male":true,"Dob":"1974-05-03T00:00:00","Nationality":"UK","Description":"a"},{"FullName":"bbb","Male":false,"Dob":"1974-05-03T00:00:00","Nationality":"USA","Description":"a"},{"FullName":"bbb","Male":false,"Dob":"1974-05-03T00:00:00","Nationality":"UK","Description":"a"},{"FullName":"bbb","Male":true,"Dob":"1974-05-03T00:00:00","Nationality":"France","Description":"a"},{"FullName":"Aaron Horvath","Male":true,"Dob":"1980-08-19T00:00:00","Nationality":"","Description":"No photo available. Represent Aaron Horvath? Add or change photos at IMDbPro\r\nSEE RANK\r\nAaron Horvath\r\nProducer | Writer | Animation Department\r\n\u002B Add or change photo on IMDbPro \u00BB\r\nAaron Horvath was born on August 19, 1980 in California, USA. He is a producer and writer, known for Bi\u1EC7t \u0110\u1ED9i Si\u00EAu Anh H\u00F9ng Teen Titans (2018), Bi\u1EC7t \u0110\u1ED9i Thi\u1EBFu Ni\u00EAn Titan Xu\u1EA5t K\u00EDch! (2013) and Naruto."},{"FullName":"Aaron Horvath","Male":true,"Dob":"1980-08-19T00:00:00","Nationality":"","Description":"a"}]